<?xml version="1.0" encoding="UTF-8" ?>
<!DOCTYPE configuration PUBLIC "-//mybatis.org//DTD Config 3.0//EN" "http://mybatis.org/dtd/mybatis-3-config.dtd">
<configuration>
	<typeAliases>
		<package name="com.japp.jboard.vo" />
	</typeAliases>

	<typeHandlers>
		<!-- java.sql.Timestamp를 java.util.Date 형으로 반환 -->
		<typeHandler javaType="java.sql.Timestamp" handler="org.apache.ibatis.type.DateTypeHandler" jdbcType="DATE" />
		<typeHandler javaType="java.sql.Time" handler="org.apache.ibatis.type.DateTypeHandler" jdbcType="DATE" />
		<typeHandler javaType="java.sql.Date" handler="org.apache.ibatis.type.DateTypeHandler" jdbcType="DATE" />
	</typeHandlers>

</configuration>