<?xml version="1.0" encoding="UTF-8"?>
<beans:beans xmlns="http://www.springframework.org/schema/mvc" xmlns:mvc="http://www.springframework.org/schema/mvc" xmlns:xsi="http://www.w3.org/2001/XMLSchema-instance"
	xmlns:beans="http://www.springframework.org/schema/beans" xmlns:context="http://www.springframework.org/schema/context"
	xsi:schemaLocation="
	 	http://www.springframework.org/schema/mvc 
	 	http://www.springframework.org/schema/mvc/spring-mvc-4.2.xsd 
		http://www.springframework.org/schema/beans 
		http://www.springframework.org/schema/beans/spring-beans.xsd
		http://www.springframework.org/schema/context 
		http://www.springframework.org/schema/context/spring-context.xsd">

	<!-- DispatcherServlet Context: defines this servlet's request-processing infrastructure -->

	<!-- Enables the Spring MVC @Controller programming model -->
	<annotation-driven />

	<!-- Handles HTTP GET requests for /resources/** by efficiently serving up static resources in the ${webappRoot}/resources directory -->
	<resources mapping="/resources/**" location="/resources/" />

	<!-- Resolves views selected for rendering by @Controllers to .jsp resources in the /WEB-INF/views directory -->
	<beans:bean class="org.springframework.web.servlet.view.InternalResourceViewResolver">
		<beans:property name="prefix" value="/WEB-INF/views/" />
		<beans:property name="suffix" value=".jsp" />
	</beans:bean>

	<context:component-scan base-package="com.japp.jboard" />

	<!-- 프로젝트 생성 후 추가된 설정 -->

	<!-- 로그인 인터셉터 객체 생성 -->
	<beans:bean id="InterceptorLogin" class="com.japp.jboard.common.interceptor.InterceptorLogin" />

	<!-- 로그인 인터셉터 설정 -->
	<interceptors>
		<interceptor>
			<!-- 맵핑 경로 요청이 수행되기 전에 로그인 인터셉터를 먼저 수행 -->
			<mapping path="/board/writeForm" />
			<mapping path="/board/updateForm" />
			<mapping path="/board/deleteForm" />
			<mapping path="/board/recommend" />
			<beans:ref bean="InterceptorLogin" />
		</interceptor>
	</interceptors>

</beans:beans>
